,dateIDd,Weekday,Holiday,Duration,Volume,dateIDd,Weekday,Holiday,Duration,Volume
0,20170415,0,0,1038.814789687924,10318,20170415,0,0,1038.814789687924,10318
1,20170416,0,0,766.5969144460028,3565,20170416,0,0,766.5969144460028,3565
2,20170417,1,1,748.0117679255611,7308,20170417,1,1,748.0117679255611,7308
3,20170418,1,0,765.009148132606,11915,20170418,1,0,765.009148132606,11915
4,20170419,1,0,671.6441245396719,5974,20170419,1,0,671.6441245396719,5974
5,20170420,1,0,721.2450779510021,11225,20170420,1,0,721.2450779510021,11225
6,20170421,1,0,660.8386607880958,7258,20170421,1,0,660.8386607880958,7258
7,20170422,0,0,738.5495505745819,8789,20170422,0,0,738.5495505745819,8789
8,20170423,0,0,973.2419979905268,13934,20170423,0,0,973.2419979905268,13934
9,20170424,1,0,724.3338936045047,11899,20170424,1,0,724.3338936045047,11899
10,20170425,1,0,677.1450154271731,9399,20170425,1,0,677.1450154271731,9399
11,20170426,1,0,722.9855435781732,11967,20170426,1,0,722.9855435781732,11967
12,20170427,1,0,832.7116551469425,18953,20170427,1,0,832.7116551469425,18953
13,20170428,1,0,821.5650393533292,18804,20170428,1,0,821.5650393533292,18804
14,20170429,0,0,893.0407529025449,17054,20170429,0,0,893.0407529025449,17054
15,20170430,0,0,651.1269115335142,6997,20170430,0,0,651.1269115335142,6997
16,20170501,1,0,585.2321954090643,3398,20170501,1,0,585.2321954090643,3398
17,20170502,1,0,744.2365470852018,15164,20170502,1,0,744.2365470852018,15164
18,20170503,1,0,719.3328962894979,15254,20170503,1,0,719.3328962894979,15254
19,20170504,1,0,787.5621301775147,18421,20170504,1,0,787.5621301775147,18421
20,20170505,1,0,601.6425679583574,5187,20170505,1,0,601.6425679583574,5187
21,20170506,0,0,840.9761070404587,12556,20170506,0,0,840.9761070404587,12556
22,20170507,0,0,689.9857927411654,8376,20170507,0,0,689.9857927411654,8376
23,20170508,1,0,656.0863781781445,11878,20170508,1,0,656.0863781781445,11878
24,20170509,1,0,675.0389459968147,13814,20170509,1,0,675.0389459968147,13814
25,20170510,1,0,710.6033879580187,16293,20170510,1,0,710.6033879580187,16293
26,20170511,1,0,726.6148496017122,16822,20170511,1,0,726.6148496017122,16822
27,20170512,1,0,807.4431834438034,20971,20170512,1,0,807.4431834438034,20971
28,20170513,0,0,836.5715499215892,15304,20170513,0,0,836.5715499215892,15304
29,20170514,0,0,676.3827448825388,7279,20170514,0,0,676.3827448825388,7279
30,20170515,1,0,762.6927810130754,18202,20170515,1,0,762.6927810130754,18202
31,20170516,1,0,845.9558335460813,23502,20170516,1,0,845.9558335460813,23502
32,20170517,1,0,889.7835633626097,25504,20170517,1,0,889.7835633626097,25504
33,20170518,1,0,831.6237439050244,23585,20170518,1,0,831.6237439050244,23585
34,20170519,1,0,806.0158730158729,22239,20170519,1,0,806.0158730158729,22239
35,20170520,0,0,1005.7372049102928,21180,20170520,0,0,1005.7372049102928,21180
36,20170521,0,0,992.5823577906018,18195,20170521,0,0,992.5823577906018,18195
37,20170522,1,1,667.9789071347677,7064,20170522,1,1,667.9789071347677,7064
38,20170523,1,0,838.0061179832984,22393,20170523,1,0,838.0061179832984,22393
39,20170524,1,0,825.8786525296376,23956,20170524,1,0,825.8786525296376,23956
40,20170525,1,0,729.1631233595799,15240,20170525,1,0,729.1631233595799,15240
41,20170526,1,0,688.0285447895001,13943,20170526,1,0,688.0285447895001,13943
42,20170527,0,0,990.9133755274263,23700,20170527,0,0,990.9133755274263,23700
43,20170528,0,0,1094.2080598699254,33673,20170528,0,0,1094.2080598699254,33673
44,20170529,1,0,726.5745594418105,11179,20170529,1,0,726.5745594418105,11179
45,20170530,1,0,709.9006660323503,15765,20170530,1,0,709.9006660323503,15765
46,20170531,1,0,791.3141136374247,21419,20170531,1,0,791.3141136374247,21419
47,20170601,1,0,776.8964365745419,22759,20170601,1,0,776.8964365745419,22759
48,20170602,1,0,737.4238655833748,18093,20170602,1,0,737.4238655833748,18093
49,20170603,0,0,851.6826309067688,17226,20170603,0,0,851.6826309067688,17226
50,20170604,0,0,968.0308100289296,20740,20170604,0,0,968.0308100289296,20740
51,20170605,1,0,678.5353284490253,8053,20170605,1,0,678.5353284490253,8053
52,20170606,1,0,720.1014931680519,14198,20170606,1,0,720.1014931680519,14198
53,20170607,1,0,854.4805454820188,26472,20170607,1,0,854.4805454820188,26472
54,20170608,1,0,853.5767406768699,27834,20170608,1,0,853.5767406768699,27834
55,20170609,1,0,828.5842641509433,26500,20170609,1,0,828.5842641509433,26500
56,20170610,0,0,941.4036576168927,26520,20170610,0,0,941.4036576168927,26520
57,20170611,0,0,931.7211117628481,22163,20170611,0,0,931.7211117628481,22163
58,20170612,1,0,823.7172202611322,23513,20170612,1,0,823.7172202611322,23513
59,20170613,1,0,824.4688689809632,26790,20170613,1,0,824.4688689809632,26790
60,20170614,1,0,809.1023235031278,26856,20170614,1,0,809.1023235031278,26856
61,20170615,1,0,818.7188308886972,27816,20170615,1,0,818.7188308886972,27816
62,20170616,1,0,725.4702964157261,16126,20170616,1,0,725.4702964157261,16126
63,20170617,0,0,929.2013444693421,24545,20170617,0,0,929.2013444693421,24545
64,20170618,0,0,877.7611413169757,21519,20170618,0,0,877.7611413169757,21519
65,20170619,1,0,781.9262534264744,22618,20170619,1,0,781.9262534264744,22618
66,20170620,1,0,778.5710336657123,20258,20170620,1,0,778.5710336657123,20258
67,20170621,1,0,782.3798712159224,23916,20170621,1,0,782.3798712159224,23916
68,20170622,1,0,818.0104264336346,26663,20170622,1,0,818.0104264336346,26663
69,20170623,1,0,753.5046528274875,13970,20170623,1,0,753.5046528274875,13970
70,20170624,0,1,1020.1714793222807,21956,20170624,0,1,1020.1714793222807,21956
71,20170625,0,0,922.3721654458528,22799,20170625,0,0,922.3721654458528,22799
72,20170626,1,0,855.1756739381991,23333,20170626,1,0,855.1756739381991,23333
73,20170627,1,0,780.8914466050958,21547,20170627,1,0,780.8914466050958,21547
74,20170628,1,0,783.2544826725465,24037,20170628,1,0,783.2544826725465,24037
75,20170629,1,0,722.3511407273547,17708,20170629,1,0,722.3511407273547,17708
76,20170630,1,0,761.9594155844156,17248,20170630,1,0,761.9594155844156,17248
77,20170701,0,1,894.1395758472487,14193,20170701,0,1,894.1395758472487,14193
78,20170702,0,0,982.014170886958,21523,20170702,0,0,982.014170886958,21523
79,20170703,1,1,913.983373718546,26825,20170703,1,1,913.983373718546,26825
80,20170704,1,0,865.3399613179057,29471,20170704,1,0,865.3399613179057,29471
81,20170705,1,0,848.8873620862587,29910,20170705,1,0,848.8873620862587,29910
82,20170706,1,0,831.221764767454,28661,20170706,1,0,831.221764767454,28661
83,20170707,1,0,803.4543125180808,24197,20170707,1,0,803.4543125180808,24197
84,20170708,0,0,913.204184738573,20981,20170708,0,0,913.204184738573,20981
85,20170709,0,0,934.9822474780847,22701,20170709,0,0,934.9822474780847,22701
86,20170710,1,0,792.5102166366393,22757,20170710,1,0,792.5102166366393,22757
87,20170711,1,0,820.3861771711597,26449,20170711,1,0,820.3861771711597,26449
88,20170712,1,0,783.0606330446045,24706,20170712,1,0,783.0606330446045,24706
89,20170713,1,0,801.9570969039003,24870,20170713,1,0,801.9570969039003,24870
90,20170714,1,0,759.2672114511563,18723,20170714,1,0,759.2672114511563,18723
91,20170715,0,0,951.204466987767,23461,20170715,0,0,951.204466987767,23461
92,20170716,0,0,935.1091597481983,21922,20170716,0,0,935.1091597481983,21922
93,20170717,1,0,803.5353801554883,22767,20170717,1,0,803.5353801554883,22767
94,20170718,1,0,832.8382162483812,28569,20170718,1,0,832.8382162483812,28569
95,20170719,1,0,815.4037589614417,25805,20170719,1,0,815.4037589614417,25805
96,20170720,1,0,801.3152023876142,26805,20170720,1,0,801.3152023876142,26805
97,20170721,1,0,814.52170313424,25365,20170721,1,0,814.52170313424,25365
98,20170722,0,0,972.8614635251472,26484,20170722,0,0,972.8614635251472,26484
99,20170723,0,0,958.6283594394064,24260,20170723,0,0,958.6283594394064,24260
100,20170724,1,0,631.163218641115,9184,20170724,1,0,631.163218641115,9184
101,20170725,1,0,814.2981599088098,24564,20170725,1,0,814.2981599088098,24564
102,20170726,1,0,828.738097896892,26865,20170726,1,0,828.738097896892,26865
103,20170727,1,0,798.7709641959799,25472,20170727,1,0,798.7709641959799,25472
104,20170728,1,0,876.1364965536447,28726,20170728,1,0,876.1364965536447,28726
105,20170729,0,0,1022.2277396738302,32805,20170729,0,0,1022.2277396738302,32805
106,20170730,0,0,1034.1239010140164,35601,20170730,0,0,1034.1239010140164,35601
107,20170731,1,0,810.9522873481058,22384,20170731,1,0,810.9522873481058,22384
108,20170801,1,0,849.3113735465117,27520,20170801,1,0,849.3113735465117,27520
109,20170802,1,0,830.2581550851528,27069,20170802,1,0,830.2581550851528,27069
110,20170803,1,0,826.1451531712929,27812,20170803,1,0,826.1451531712929,27812
111,20170804,1,0,767.7226292330548,19519,20170804,1,0,767.7226292330548,19519
112,20170805,0,0,928.3734281932497,18132,20170805,0,0,928.3734281932497,18132
113,20170806,0,0,951.104429325848,21019,20170806,0,0,951.104429325848,21019
114,20170807,1,0,823.1820070377751,23587,20170807,1,0,823.1820070377751,23587
115,20170808,1,0,839.8861106041247,27395,20170808,1,0,839.8861106041247,27395
116,20170809,1,0,826.2231708203152,27526,20170809,1,0,826.2231708203152,27526
117,20170810,1,0,821.6375239076064,27188,20170810,1,0,821.6375239076064,27188
118,20170811,1,0,833.5915675116398,27062,20170811,1,0,833.5915675116398,27062
119,20170812,0,0,887.5828582959189,19823,20170812,0,0,887.5828582959189,19823
120,20170813,0,0,936.2679003804911,23128,20170813,0,0,936.2679003804911,23128
121,20170814,1,0,840.5564193260001,25727,20170814,1,0,840.5564193260001,25727
122,20170815,1,0,779.5248365701198,20957,20170815,1,0,779.5248365701198,20957
123,20170816,1,0,824.4414453793756,27453,20170816,1,0,824.4414453793756,27453
124,20170817,1,0,822.8229987899234,27271,20170817,1,0,822.8229987899234,27271
125,20170818,1,0,757.3795086251961,17217,20170818,1,0,757.3795086251961,17217
126,20170819,0,0,903.4940105820107,23625,20170819,0,0,903.4940105820107,23625
127,20170820,0,0,920.4445581560916,22474,20170820,0,0,920.4445581560916,22474
128,20170821,1,0,833.100521612551,24731,20170821,1,0,833.100521612551,24731
129,20170822,1,0,744.7347816374399,17906,20170822,1,0,744.7347816374399,17906
130,20170823,1,0,779.4318144833197,24580,20170823,1,0,779.4318144833197,24580
131,20170824,1,0,789.2844185037661,25357,20170824,1,0,789.2844185037661,25357
132,20170825,1,0,809.876988625259,25583,20170825,1,0,809.876988625259,25583
133,20170826,0,0,883.4173410404625,20760,20170826,0,0,883.4173410404625,20760
134,20170827,0,0,967.2754397344424,26209,20170827,0,0,967.2754397344424,26209
135,20170828,1,0,823.52728,25000,20170828,1,0,823.52728,25000
136,20170829,1,0,804.0364403528961,26070,20170829,1,0,804.0364403528961,26070
137,20170830,1,0,811.7840161483252,26752,20170830,1,0,811.7840161483252,26752
138,20170831,1,0,740.1585869004642,23268,20170831,1,0,740.1585869004642,23268
139,20170901,1,0,759.7207648254202,21652,20170901,1,0,759.7207648254202,21652
140,20170902,0,0,953.3659965321714,21339,20170902,0,0,953.3659965321714,21339
141,20170903,0,0,665.3821608040201,3980,20170903,0,0,665.3821608040201,3980
142,20170904,1,1,873.4910336334949,12993,20170904,1,1,873.4910336334949,12993
143,20170905,1,0,736.8397542498152,21648,20170905,1,0,736.8397542498152,21648
144,20170906,1,0,721.9462018009697,21655,20170906,1,0,721.9462018009697,21655
145,20170907,1,0,709.0137694666588,16631,20170907,1,0,709.0137694666588,16631
146,20170908,1,0,740.8294293207922,22114,20170908,1,0,740.8294293207922,22114
147,20170909,0,0,828.2518124697922,18621,20170909,0,0,828.2518124697922,18621
148,20170910,0,0,865.2473958333335,18432,20170910,0,0,865.2473958333335,18432
149,20170911,1,0,772.6460807600951,23155,20170911,1,0,772.6460807600951,23155
150,20170912,1,0,769.6272028000486,24571,20170912,1,0,769.6272028000486,24571
151,20170913,1,0,760.9217391304347,25300,20170913,1,0,760.9217391304347,25300
152,20170914,1,0,779.1381247578457,25810,20170914,1,0,779.1381247578457,25810
153,20170915,1,0,785.440952708644,26157,20170915,1,0,785.440952708644,26157
154,20170916,0,0,874.9271065634701,22869,20170916,0,0,874.9271065634701,22869
155,20170917,0,0,878.056620379425,20452,20170917,0,0,878.056620379425,20452
156,20170918,1,0,768.1898523512845,23434,20170918,1,0,768.1898523512845,23434
157,20170919,1,0,758.9156558533145,24815,20170919,1,0,758.9156558533145,24815
158,20170920,1,0,745.238340302348,24872,20170920,1,0,745.238340302348,24872
159,20170921,1,0,769.3205614419205,25577,20170921,1,0,769.3205614419205,25577
160,20170922,1,0,790.5720892588738,25947,20170922,1,0,790.5720892588738,25947
161,20170923,0,0,891.4438058183748,22618,20170923,0,0,891.4438058183748,22618
162,20170924,0,0,887.037987768111,23218,20170924,0,0,887.037987768111,23218
163,20170925,1,0,755.0951156812338,22562,20170925,1,0,755.0951156812338,22562
164,20170926,1,0,753.6476285905144,23952,20170926,1,0,753.6476285905144,23952
165,20170927,1,0,718.0617931565523,20779,20170927,1,0,718.0617931565523,20779
166,20170928,1,0,714.8045129189944,22912,20170928,1,0,714.8045129189944,22912
167,20170929,1,0,704.7306242530109,21754,20170929,1,0,704.7306242530109,21754
168,20170930,0,0,794.6137229231135,16804,20170930,0,0,794.6137229231135,16804
169,20171001,0,0,801.0981277386801,15062,20171001,0,0,801.0981277386801,15062
170,20171002,1,0,747.3144939044327,21409,20171002,1,0,747.3144939044327,21409
171,20171003,1,0,745.0106954264745,22346,20171003,1,0,745.0106954264745,22346
172,20171004,1,0,696.6643457117597,18096,20171004,1,0,696.6643457117597,18096
173,20171005,1,0,716.0953441953302,21543,20171005,1,0,716.0953441953302,21543
174,20171006,1,0,750.6818517492846,21666,20171006,1,0,750.6818517492846,21666
175,20171007,0,0,773.0101724137932,11600,20171007,0,0,773.0101724137932,11600
176,20171008,0,0,825.5504910988336,13032,20171008,0,0,825.5504910988336,13032
177,20171009,1,1,641.4817850637522,4392,20171009,1,1,641.4817850637522,4392
178,20171010,1,0,730.2916001740898,20679,20171010,1,0,730.2916001740898,20679
179,20171011,1,0,680.3341545712602,18671,20171011,1,0,680.3341545712602,18671
180,20171012,1,0,713.4664484451719,19552,20171012,1,0,713.4664484451719,19552
181,20171013,1,0,725.3960924517851,19859,20171013,1,0,725.3960924517851,19859
182,20171014,0,0,749.0325181035661,14638,20171014,0,0,749.0325181035661,14638
183,20171015,0,0,693.3981623277182,9142,20171015,0,0,693.3981623277182,9142
184,20171016,1,0,657.112539556962,15168,20171016,1,0,657.112539556962,15168
185,20171017,1,0,671.2584276463112,16523,20171017,1,0,671.2584276463112,16523
186,20171018,1,0,711.9957124183006,19125,20171018,1,0,711.9957124183006,19125
187,20171019,1,0,721.3530997304582,19292,20171019,1,0,721.3530997304582,19292
188,20171020,1,0,720.5262651334785,19741,20171020,1,0,720.5262651334785,19741
189,20171021,0,0,827.2303765539607,16651,20171021,0,0,827.2303765539607,16651
190,20171022,0,0,830.6661700975081,14768,20171022,0,0,830.6661700975081,14768
191,20171023,1,0,740.1033405172412,18560,20171023,1,0,740.1033405172412,18560
192,20171024,1,0,630.966013712047,10210,20171024,1,0,630.966013712047,10210
193,20171025,1,0,704.4174180545242,18854,20171025,1,0,704.4174180545242,18854
194,20171026,1,0,629.8990466462377,11748,20171026,1,0,629.8990466462377,11748
195,20171027,1,0,685.4436927498056,16703,20171027,1,0,685.4436927498056,16703
196,20171028,0,0,807.6905465288036,14894,20171028,0,0,807.6905465288036,14894
197,20171029,0,0,652.6957399926551,5446,20171029,0,0,652.6957399926551,5446
198,20171030,1,0,607.9259529454678,10966,20171030,1,0,607.9259529454678,10966
199,20171031,1,0,654.9659048886916,13521,20171031,1,0,654.9659048886916,13521
200,20171101,1,0,647.1190383568039,12853,20171101,1,0,647.1190383568039,12853
201,20171102,1,0,591.9567409334851,6149,20171102,1,0,591.9567409334851,6149
202,20171103,1,0,647.0815626021575,12236,20171103,1,0,647.0815626021575,12236
203,20171104,0,0,700.3427331887202,9220,20171104,0,0,700.3427331887202,9220
204,20171105,0,0,565.5975948196115,4324,20171105,0,0,565.5975948196115,4324
205,20171106,1,0,624.066172221152,10382,20171106,1,0,624.066172221152,10382
206,20171107,1,0,631.4463507867366,11249,20171107,1,0,631.4463507867366,11249
207,20171108,1,0,625.6848928476937,11339,20171108,1,0,625.6848928476937,11339
208,20171109,1,0,627.2326178682811,10902,20171109,1,0,627.2326178682811,10902
209,20171110,1,0,545.1537138389367,6395,20171110,1,0,545.1537138389367,6395
210,20171111,0,0,579.6744833068362,5032,20171111,0,0,579.6744833068362,5032
211,20171112,0,0,634.9636544190664,5035,20171112,0,0,634.9636544190664,5035
212,20171113,1,0,594.0305295950155,8025,20171113,1,0,594.0305295950155,8025
213,20171114,1,0,607.7335461149021,9086,20171114,1,0,607.7335461149021,9086
214,20171115,1,0,629.5565707000956,9413,20171115,1,0,629.5565707000956,9413
215,20180410,1,0,604.0541095890411,2920,20180410,1,0,604.0541095890411,2920
216,20180411,1,0,686.5038751228033,9161,20180411,1,0,686.5038751228033,9161
217,20180412,1,0,674.9088930009798,9187,20180412,1,0,674.9088930009798,9187
218,20180413,1,0,688.0757263972342,12149,20180413,1,0,688.0757263972342,12149
219,20180414,0,0,624.1340585261223,6527,20180414,0,0,624.1340585261223,6527
220,20180415,0,0,556.9982653946228,3459,20180415,0,0,556.9982653946228,3459
221,20180416,1,0,538.9681353265146,2542,20180416,1,0,538.9681353265146,2542
222,20180417,1,0,589.144204851752,5936,20180417,1,0,589.144204851752,5936
223,20180418,1,0,607.4651395529856,8993,20180418,1,0,607.4651395529856,8993
224,20180419,1,0,626.957769459641,10419,20180419,1,0,626.957769459641,10419
225,20180420,1,0,650.7157163624616,12382,20180420,1,0,650.7157163624616,12382
226,20180421,0,0,841.3417317708332,15360,20180421,0,0,841.3417317708332,15360
227,20180422,0,0,915.8400478182904,16730,20180422,0,0,915.8400478182904,16730
228,20180423,1,0,807.310467327129,19986,20180423,1,0,807.310467327129,19986
229,20180424,1,0,805.087479718767,22188,20180424,1,0,805.087479718767,22188
230,20180425,1,0,618.4558690890349,7761,20180425,1,0,618.4558690890349,7761
231,20180426,1,0,594.3860103626943,6948,20180426,1,0,594.3860103626943,6948
232,20180427,1,0,745.5469419354838,19375,20180427,1,0,745.5469419354838,19375
233,20180428,0,0,820.1359776807375,16488,20180428,0,0,820.1359776807375,16488
234,20180429,0,0,636.8122688710029,4597,20180429,0,0,636.8122688710029,4597
235,20180430,1,0,664.1335938887903,11258,20180430,1,0,664.1335938887903,11258
236,20180501,1,0,800.6036618691928,21956,20180501,1,0,800.6036618691928,21956
237,20180502,1,0,791.762476854842,23223,20180502,1,0,791.762476854842,23223
238,20180503,1,0,702.24371357867,12527,20180503,1,0,702.24371357867,12527
239,20180504,1,0,728.0122195642335,15467,20180504,1,0,728.0122195642335,15467
240,20180505,0,0,920.49985126004,23531,20180505,0,0,920.49985126004,23531
241,20180506,0,0,915.8167418812494,22602,20180506,0,0,915.8167418812494,22602
242,20180507,1,0,810.9851732540371,24213,20180507,1,0,810.9851732540371,24213
243,20180508,1,0,853.5975816789661,28863,20180508,1,0,853.5975816789661,28863
244,20180509,1,0,868.0577521845391,29869,20180509,1,0,868.0577521845391,29869
245,20180510,1,0,759.3770741150443,21696,20180510,1,0,759.3770741150443,21696
246,20180511,1,0,769.3967098619992,23768,20180511,1,0,769.3967098619992,23768
247,20180512,0,0,891.7089256865912,24760,20180512,0,0,891.7089256865912,24760
248,20180513,0,0,926.9746503496505,22880,20180513,0,0,926.9746503496505,22880
249,20180514,1,0,846.4496756796153,27442,20180514,1,0,846.4496756796153,27442
250,20180515,1,0,757.0531409958121,21490,20180515,1,0,757.0531409958121,21490
251,20180516,1,0,812.4872380161861,28914,20180516,1,0,812.4872380161861,28914
252,20180517,1,0,783.900143440362,27189,20180517,1,0,783.900143440362,27189
253,20180518,1,0,807.5351944384097,27618,20180518,1,0,807.5351944384097,27618
254,20180519,0,0,802.0554468362687,13797,20180519,0,0,802.0554468362687,13797
255,20180520,0,0,923.5170927612892,20418,20180520,0,0,923.5170927612892,20418
256,20180521,1,1,942.529879831114,24632,20180521,1,1,942.529879831114,24632
257,20180522,1,0,739.3511158966327,20432,20180522,1,0,739.3511158966327,20432
258,20180523,1,0,789.8392241529407,28717,20180523,1,0,789.8392241529407,28717
259,20180524,1,0,804.8625708696661,30161,20180524,1,0,804.8625708696661,30161
260,20180525,1,0,817.1608001083058,29546,20180525,1,0,817.1608001083058,29546
261,20180526,0,0,873.7751044204663,22984,20180526,0,0,873.7751044204663,22984
262,20180527,0,0,902.1913125745548,24311,20180527,0,0,902.1913125745548,24311
263,20180528,1,0,779.9106296024984,25937,20180528,1,0,779.9106296024984,25937
264,20180529,1,0,836.8117478159936,32738,20180529,1,0,836.8117478159936,32738
265,20180530,1,0,827.6335956106237,33171,20180530,1,0,827.6335956106237,33171
266,20180531,1,0,813.8092105263157,32072,20180531,1,0,813.8092105263157,32072
267,20180601,1,0,813.3647411807492,32996,20180601,1,0,813.3647411807492,32996
268,20180602,0,0,922.520277100553,33634,20180602,0,0,922.520277100553,33634
269,20180603,0,0,934.0932707562137,30256,20180603,0,0,934.0932707562137,30256
270,20180604,1,0,623.9757497656982,8536,20180604,1,0,623.9757497656982,8536
271,20180605,1,0,754.8937410155795,25739,20180605,1,0,754.8937410155795,25739
272,20180606,1,0,779.3671875,28800,20180606,1,0,779.3671875,28800
273,20180607,1,0,803.5,31000,20180607,1,0,803.5,31000
274,20180608,1,0,829.054803204057,34706,20180608,1,0,829.054803204057,34706
275,20180609,0,0,927.093921667607,33677,20180609,0,0,927.093921667607,33677
276,20180610,0,0,918.2656084281977,28286,20180610,0,0,918.2656084281977,28286
277,20180611,1,0,843.8532539480387,31408,20180611,1,0,843.8532539480387,31408
278,20180612,1,0,827.2568873633818,33213,20180612,1,0,827.2568873633818,33213
279,20180613,1,0,753.1405462629684,23615,20180613,1,0,753.1405462629684,23615
280,20180614,1,0,682.4547343741674,18767,20180614,1,0,682.4547343741674,18767
281,20180615,1,0,808.8794483585671,33355,20180615,1,0,808.8794483585671,33355
282,20180616,0,0,887.5325015353784,30937,20180616,0,0,887.5325015353784,30937
283,20180617,0,0,881.7579011499506,26262,20180617,0,0,881.7579011499506,26262
284,20180618,1,0,734.3091467511277,20838,20180618,1,0,734.3091467511277,20838
285,20180619,1,0,825.2674178460791,32926,20180619,1,0,825.2674178460791,32926
286,20180620,1,0,794.2885084734111,29091,20180620,1,0,794.2885084734111,29091
287,20180621,1,0,802.9683482605252,32826,20180621,1,0,802.9683482605252,32826
288,20180622,1,0,827.8346064635845,32335,20180622,1,0,827.8346064635845,32335
289,20180623,0,0,808.2360750801158,19659,20180623,0,0,808.2360750801158,19659
290,20180624,0,1,937.4278834280068,16196,20180624,0,1,937.4278834280068,16196
291,20180625,1,1,899.7439462068396,24241,20180625,1,1,899.7439462068396,24241
292,20180626,1,0,810.9605437344612,30971,20180626,1,0,810.9605437344612,30971
293,20180627,1,0,784.078798242967,29823,20180627,1,0,784.078798242967,29823
294,20180628,1,0,781.1393450881613,29775,20180628,1,0,781.1393450881613,29775
295,20180629,1,0,818.1022727272727,32648,20180629,1,0,818.1022727272727,32648
296,20180630,0,0,847.4987934362935,24864,20180630,0,0,847.4987934362935,24864
297,20180701,0,1,879.818654332173,20971,20180701,0,1,879.818654332173,20971
298,20180702,1,1,791.3014085929218,19807,20180702,1,1,791.3014085929218,19807
299,20180703,1,0,799.73350491343,29918,20180703,1,0,799.73350491343,29918
300,20180704,1,0,795.7202636766084,30947,20180704,1,0,795.7202636766084,30947
301,20180705,1,0,778.540964015403,30124,20180705,1,0,778.540964015403,30124
302,20180706,1,0,822.5027668452046,33793,20180706,1,0,822.5027668452046,33793
303,20180707,0,0,936.2523215793233,30798,20180707,0,0,936.2523215793233,30798
304,20180708,0,0,905.7560928730684,26014,20180708,0,0,905.7560928730684,26014
305,20180709,1,0,813.1751800368448,29855,20180709,1,0,813.1751800368448,29855
306,20180710,1,0,805.4936208613393,32136,20180710,1,0,805.4936208613393,32136
307,20180711,1,0,831.2857611548558,33528,20180711,1,0,831.2857611548558,33528
308,20180712,1,0,812.1561479706454,33385,20180712,1,0,812.1561479706454,33385
309,20180713,1,0,823.9511177794449,33325,20180713,1,0,823.9511177794449,33325
310,20180714,0,0,894.5650758467825,28874,20180714,0,0,894.5650758467825,28874
311,20180715,0,0,864.63840159545,27077,20180715,0,0,864.63840159545,27077
312,20180716,1,0,804.7285761262742,30410,20180716,1,0,804.7285761262742,30410
313,20180717,1,0,795.8683565553131,29785,20180717,1,0,795.8683565553131,29785
314,20180718,1,0,825.123438626857,34665,20180718,1,0,825.123438626857,34665
315,20180719,1,0,809.199651907136,33899,20180719,1,0,809.199651907136,33899
316,20180720,1,0,801.6934095678355,32881,20180720,1,0,801.6934095678355,32881
317,20180721,0,0,927.5325866954528,29644,20180721,0,0,927.5325866954528,29644
318,20180722,0,0,805.6769654511706,16701,20180722,0,0,805.6769654511706,16701
319,20180723,1,0,789.9868215955788,28228,20180723,1,0,789.9868215955788,28228
320,20180724,1,0,772.5421020975866,26602,20180724,1,0,772.5421020975866,26602
321,20180725,1,0,693.235237506015,14547,20180725,1,0,693.235237506015,14547
322,20180726,1,0,789.5505587446079,29441,20180726,1,0,789.5505587446079,29441
323,20180727,1,0,815.2650285076846,32272,20180727,1,0,815.2650285076846,32272
324,20180728,0,0,922.1870253164557,28440,20180728,0,0,922.1870253164557,28440
325,20180729,0,0,963.5574257122748,32677,20180729,0,0,963.5574257122748,32677
326,20180730,1,0,820.9519530353218,30491,20180730,1,0,820.9519530353218,30491
327,20180731,1,0,807.9252843768107,32791,20180731,1,0,807.9252843768107,32791
328,20180801,1,0,795.9299695378833,30858,20180801,1,0,795.9299695378833,30858
329,20180802,1,0,815.2202991903198,33223,20180802,1,0,815.2202991903198,33223
330,20180803,1,0,825.07360956274,32292,20180803,1,0,825.07360956274,32292
331,20180804,0,0,890.1723358753984,24783,20180804,0,0,890.1723358753984,24783
332,20180805,0,0,926.3098576082581,27319,20180805,0,0,926.3098576082581,27319
333,20180806,1,0,803.0535044495108,27194,20180806,1,0,803.0535044495108,27194
334,20180807,1,0,772.196451686591,26266,20180807,1,0,772.196451686591,26266
335,20180808,1,0,790.0691117393245,26884,20180808,1,0,790.0691117393245,26884
336,20180809,1,0,803.4359948898116,31310,20180809,1,0,803.4359948898116,31310
337,20180810,1,0,833.9248966536917,33141,20180810,1,0,833.9248966536917,33141
338,20180811,0,0,918.7482570843885,28831,20180811,0,0,918.7482570843885,28831
339,20180812,0,0,907.2922158957961,25642,20180812,0,0,907.2922158957961,25642
340,20180813,1,0,809.3744708016934,29762,20180813,1,0,809.3744708016934,29762
341,20180814,1,0,799.708703888015,31147,20180814,1,0,799.708703888015,31147
342,20180815,1,0,796.1639533763606,31143,20180815,1,0,796.1639533763606,31143
343,20180816,1,0,825.7925538241942,33628,20180816,1,0,825.7925538241942,33628
344,20180817,1,0,722.3924728700068,21655,20180817,1,0,722.3924728700068,21655
345,20180818,0,0,936.9381163211914,29814,20180818,0,0,936.9381163211914,29814
346,20180819,0,0,927.8226333370039,27243,20180819,0,0,927.8226333370039,27243
347,20180820,1,0,823.2381839576387,30594,20180820,1,0,823.2381839576387,30594
348,20180821,1,0,813.4200907238182,30422,20180821,1,0,813.4200907238182,30422
349,20180822,1,0,731.9767827529022,24723,20180822,1,0,731.9767827529022,24723
350,20180823,1,0,811.2622298580342,33177,20180823,1,0,811.2622298580342,33177
351,20180824,1,0,821.348526593196,33392,20180824,1,0,821.348526593196,33392
352,20180825,0,0,911.8884348038703,28629,20180825,0,0,911.8884348038703,28629
353,20180826,0,0,867.1576617753187,20785,20180826,0,0,867.1576617753187,20785
354,20180827,1,0,804.7049376957419,30014,20180827,1,0,804.7049376957419,30014
355,20180828,1,0,779.7542650353265,29015,20180828,1,0,779.7542650353265,29015
356,20180829,1,0,774.1371073408367,29765,20180829,1,0,774.1371073408367,29765
357,20180830,1,0,790.0315226133763,32326,20180830,1,0,790.0315226133763,32326
358,20180831,1,0,828.7559923593567,32458,20180831,1,0,828.7559923593567,32458
359,20180901,0,0,903.152679085846,26035,20180901,0,0,903.152679085846,26035
360,20180902,0,0,822.830517286197,15388,20180902,0,0,822.830517286197,15388
361,20180903,1,1,836.709191330972,16657,20180903,1,1,836.709191330972,16657
362,20180904,1,0,800.6783623919977,32291,20180904,1,0,800.6783623919977,32291
363,20180905,1,0,774.5484200121168,31361,20180905,1,0,774.5484200121168,31361
364,20180906,1,0,776.7021562519087,32742,20180906,1,0,776.7021562519087,32742
365,20180907,1,0,802.5414262221558,33445,20180907,1,0,802.5414262221558,33445
366,20180908,0,0,853.6952751312464,25715,20180908,0,0,853.6952751312464,25715
367,20180909,0,0,841.7684534472462,21771,20180909,0,0,841.7684534472462,21771
368,20180910,1,0,709.6687011822954,23429,20180910,1,0,709.6687011822954,23429
369,20180911,1,0,724.0275899377873,22182,20180911,1,0,724.0275899377873,22182
370,20180912,1,0,769.8255203330133,31230,20180912,1,0,769.8255203330133,31230
371,20180913,1,0,793.8731013910451,32853,20180913,1,0,793.8731013910451,32853
372,20180914,1,0,793.3412573910945,33148,20180914,1,0,793.3412573910945,33148
373,20180915,0,0,879.8839622987496,27267,20180915,0,0,879.8839622987496,27267
374,20180916,0,0,875.6731218294548,24838,20180916,0,0,875.6731218294548,24838
375,20180917,1,0,784.5649592664665,30319,20180917,1,0,784.5649592664665,30319
376,20180918,1,0,740.7957433511561,28802,20180918,1,0,740.7957433511561,28802
377,20180919,1,0,719.3731316143579,27497,20180919,1,0,719.3731316143579,27497
378,20180920,1,0,730.7524861878453,28055,20180920,1,0,730.7524861878453,28055
379,20180921,1,0,681.9343532853834,16406,20180921,1,0,681.9343532853834,16406
380,20180922,0,0,823.4990477034149,22577,20180922,0,0,823.4990477034149,22577
381,20180923,0,0,785.4219110467301,18639,20180923,0,0,785.4219110467301,18639
382,20180924,1,0,720.4063631007491,23762,20180924,1,0,720.4063631007491,23762
383,20180925,1,0,647.9301653152304,15909,20180925,1,0,647.9301653152304,15909
384,20180926,1,0,682.4363365216498,19446,20180926,1,0,682.4363365216498,19446
385,20180927,1,0,738.7990380819066,27861,20180927,1,0,738.7990380819066,27861
386,20180928,1,0,760.0517848880662,28097,20180928,1,0,760.0517848880662,28097
387,20180929,0,0,771.4591998364928,19571,20180929,0,0,771.4591998364928,19571
388,20180930,0,0,780.1870424997269,18306,20180930,0,0,780.1870424997269,18306
389,20181001,1,0,708.1366748482109,23223,20181001,1,0,708.1366748482109,23223
390,20181002,1,0,611.9992978144475,11393,20181002,1,0,611.9992978144475,11393
391,20181003,1,0,687.0805166254464,21834,20181003,1,0,687.0805166254464,21834
392,20181004,1,0,705.2149341278339,21481,20181004,1,0,705.2149341278339,21481
393,20181005,1,0,702.3115554303952,21306,20181005,1,0,702.3115554303952,21306
394,20181006,0,0,708.2287009535719,12794,20181006,0,0,708.2287009535719,12794
395,20181007,0,0,753.6274905422447,11895,20181007,0,0,753.6274905422447,11895
396,20181008,1,1,697.4032118591722,8095,20181008,1,1,697.4032118591722,8095
397,20181009,1,0,757.4677493043154,24077,20181009,1,0,757.4677493043154,24077
398,20181010,1,0,655.8236003067819,18254,20181010,1,0,655.8236003067819,18254
399,20181011,1,0,624.570142251816,13216,20181011,1,0,624.570142251816,13216
400,20181012,1,0,680.5414566656784,20238,20181012,1,0,680.5414566656784,20238
401,20181013,0,0,696.4158260479712,13383,20181013,0,0,696.4158260479712,13383
402,20181014,0,0,749.6781088082903,13896,20181014,0,0,749.6781088082903,13896
403,20181015,1,0,646.787027698037,12889,20181015,1,0,646.787027698037,12889
404,20181016,1,0,657.0785686064232,17717,20181016,1,0,657.0785686064232,17717
405,20181017,1,0,640.0970776147658,16904,20181017,1,0,640.0970776147658,16904
406,20181018,1,0,640.6502431937338,15831,20181018,1,0,640.6502431937338,15831
407,20181019,1,0,707.4840607401449,19888,20181019,1,0,707.4840607401449,19888
408,20181020,0,0,709.3385838931357,12951,20181020,0,0,709.3385838931357,12951
409,20181021,0,0,633.052625994695,9425,20181021,0,0,633.052625994695,9425
410,20181022,1,0,656.7394320539419,15424,20181022,1,0,656.7394320539419,15424
411,20181023,1,0,648.6916935827901,16409,20181023,1,0,648.6916935827901,16409
412,20181024,1,0,637.1826888195602,13783,20181024,1,0,637.1826888195602,13783
413,20181025,1,0,628.013942371531,15062,20181025,1,0,628.013942371531,15062
414,20181026,1,0,659.9934176891616,15648,20181026,1,0,659.9934176891616,15648
415,20181027,0,0,618.744380952381,7875,20181027,0,0,618.744380952381,7875
416,20181028,0,0,614.9552581261952,5230,20181028,0,0,614.9552581261952,5230
417,20181029,1,0,615.2596260737746,9895,20181029,1,0,615.2596260737746,9895
418,20181030,1,0,634.5518698499894,14199,20181030,1,0,634.5518698499894,14199
419,20181031,1,0,606.9583192138258,8853,20181031,1,0,606.9583192138258,8853
420,20181101,1,0,639.3862010342141,14117,20181101,1,0,639.3862010342141,14117
421,20181102,1,0,606.5535100141615,9886,20181102,1,0,606.5535100141615,9886
422,20181103,0,0,580.0937700706487,4671,20181103,0,0,580.0937700706487,4671
423,20181104,0,0,712.5651940810637,9326,20181104,0,0,712.5651940810637,9326
424,20181105,1,0,613.649901482941,9643,20181105,1,0,613.649901482941,9643
425,20181106,1,0,615.9059366225431,9972,20181106,1,0,615.9059366225431,9972
426,20181107,1,0,627.1618029256701,13467,20181107,1,0,627.1618029256701,13467
427,20181108,1,0,616.0606930037519,13593,20181108,1,0,616.0606930037519,13593
428,20181109,1,0,606.6754938601175,9365,20181109,1,0,606.6754938601175,9365
429,20181110,0,0,589.6774193548387,6293,20181110,0,0,589.6774193548387,6293
430,20181111,0,0,582.7237163814182,5726,20181111,0,0,582.7237163814182,5726
431,20181112,1,0,597.8612931624767,10223,20181112,1,0,597.8612931624767,10223
432,20181113,1,0,577.5913496311298,6913,20181113,1,0,577.5913496311298,6913
433,20181114,1,0,549.1050698016163,6805,20181114,1,0,549.1050698016163,6805
434,20181115,1,0,583.0048590864918,7203,20181115,1,0,583.0048590864918,7203
435,20190414,0,0,835.0399299036176,7989,20190414,0,0,835.0399299036176,7989
436,20190415,1,0,646.1278698494755,6577,20190415,1,0,646.1278698494755,6577
437,20190416,1,0,706.4007512043765,12247,20190416,1,0,706.4007512043765,12247
438,20190417,1,0,799.0391868169205,17659,20190417,1,0,799.0391868169205,17659
439,20190418,1,0,667.0618767369625,12234,20190418,1,0,667.0618767369625,12234
440,20190419,1,0,607.1005228136883,4208,20190419,1,0,607.1005228136883,4208
441,20190420,0,0,634.8664673642253,6021,20190420,0,0,634.8664673642253,6021
442,20190421,0,0,987.8288114584767,14522,20190421,0,0,987.8288114584767,14522
443,20190422,1,1,904.5442349337137,18933,20190422,1,1,904.5442349337137,18933
444,20190423,1,0,783.3451531570195,18641,20190423,1,0,783.3451531570195,18641
445,20190424,1,0,636.7405263157895,9500,20190424,1,0,636.7405263157895,9500
446,20190425,1,0,731.2299521743968,17982,20190425,1,0,731.2299521743968,17982
447,20190426,1,0,615.6058215451578,7352,20190426,1,0,615.6058215451578,7352
448,20190427,0,0,590.5958924349883,6768,20190427,0,0,590.5958924349883,6768
449,20190428,0,0,772.8062218000474,12633,20190428,0,0,772.8062218000474,12633
450,20190429,1,0,743.1487515987321,17983,20190429,1,0,743.1487515987321,17983
451,20190430,1,0,757.4017241379311,20880,20190430,1,0,757.4017241379311,20880
452,20190501,1,0,677.5066881763796,14877,20190501,1,0,677.5066881763796,14877
453,20190502,1,0,700.6082890787347,17324,20190502,1,0,700.6082890787347,17324
454,20190503,1,0,679.3450998606595,12918,20190503,1,0,679.3450998606595,12918
455,20190504,0,0,923.365046398586,22630,20190504,0,0,923.365046398586,22630
456,20190505,0,0,959.7939839104582,25731,20190505,0,0,959.7939839104582,25731
457,20190506,1,0,853.5211731096083,27653,20190506,1,0,853.5211731096083,27653
458,20190507,1,0,777.1934101364369,25433,20190507,1,0,777.1934101364369,25433
459,20190508,1,0,782.2838322419708,25656,20190508,1,0,782.2838322419708,25656
460,20190509,1,0,741.1496469310158,22092,20190509,1,0,741.1496469310158,22092
461,20190510,1,0,668.7029785809906,11952,20190510,1,0,668.7029785809906,11952
462,20190511,0,0,817.8447666019031,20073,20190511,0,0,817.8447666019031,20073
463,20190512,0,0,870.5656142081896,20270,20190512,0,0,870.5656142081896,20270
464,20190513,1,0,723.1895752530506,21142,20190513,1,0,723.1895752530506,21142
465,20190514,1,0,627.7915471698112,13250,20190514,1,0,627.7915471698112,13250
466,20190515,1,0,766.6980116315624,25448,20190515,1,0,766.6980116315624,25448
467,20190516,1,0,776.9768328552235,27539,20190516,1,0,776.9768328552235,27539
468,20190517,1,0,717.0161075738858,21046,20190517,1,0,717.0161075738858,21046
469,20190518,0,0,872.1194907898545,20738,20190518,0,0,872.1194907898545,20738
470,20190519,0,0,851.1812662107992,16964,20190519,0,0,851.1812662107992,16964
471,20190520,1,1,861.5736393025599,18869,20190520,1,1,861.5736393025599,18869
472,20190521,1,0,748.7578482874553,23795,20190521,1,0,748.7578482874553,23795
473,20190522,1,0,819.4432215939688,29712,20190522,1,0,819.4432215939688,29712
474,20190523,1,0,742.8179738562093,18360,20190523,1,0,742.8179738562093,18360
475,20190524,1,0,780.6425189749756,26614,20190524,1,0,780.6425189749756,26614
476,20190525,0,0,845.6340896410637,21508,20190525,0,0,845.6340896410637,21508
477,20190526,0,0,1027.599095427174,38029,20190526,0,0,1027.599095427174,38029
478,20190527,1,0,796.7729416570728,26927,20190527,1,0,796.7729416570728,26927
479,20190528,1,0,703.846041607832,21246,20190528,1,0,703.846041607832,21246
480,20190529,1,0,770.7307404370612,28051,20190529,1,0,770.7307404370612,28051
481,20190530,1,0,785.703279885917,28751,20190530,1,0,785.703279885917,28751
482,20190531,1,0,801.2805812945802,30002,20190531,1,0,801.2805812945802,30002
483,20190601,0,0,882.3023203926817,26892,20190601,0,0,882.3023203926817,26892
484,20190602,0,0,765.2843728100911,14270,20190602,0,0,765.2843728100911,14270
485,20190603,1,0,728.5373102597899,23519,20190603,1,0,728.5373102597899,23519
486,20190604,1,0,754.7710494850928,25927,20190604,1,0,754.7710494850928,25927
487,20190605,1,0,741.7483160284322,26871,20190605,1,0,741.7483160284322,26871
488,20190606,1,0,828.4383124487645,34156,20190606,1,0,828.4383124487645,34156
489,20190607,1,0,842.1593384659253,35070,20190607,1,0,842.1593384659253,35070
490,20190608,0,0,949.9161170404125,33356,20190608,0,0,949.9161170404125,33356
491,20190609,0,0,938.5113866738748,29596,20190609,0,0,938.5113866738748,29596
492,20190610,1,0,818.6522259609163,30908,20190610,1,0,818.6522259609163,30908
493,20190611,1,0,730.7759263763885,24666,20190611,1,0,730.7759263763885,24666
494,20190612,1,0,824.7657228464418,33375,20190612,1,0,824.7657228464418,33375
495,20190613,1,0,749.2064290237271,26847,20190613,1,0,749.2064290237271,26847
496,20190614,1,0,707.5458755559631,21809,20190614,1,0,707.5458755559631,21809
497,20190615,0,0,741.6216401066957,14621,20190615,0,0,741.6216401066957,14621
498,20190616,0,0,905.6815192434917,25697,20190616,0,0,905.6815192434917,25697
499,20190617,1,0,824.973460587228,31538,20190617,1,0,824.973460587228,31538
500,20190618,1,0,826.0395963193827,33690,20190618,1,0,826.0395963193827,33690
501,20190619,1,0,821.5579678553783,34407,20190619,1,0,821.5579678553783,34407
502,20190620,1,0,712.2632749219123,18889,20190620,1,0,712.2632749219123,18889
503,20190621,1,0,815.2328178694157,32592,20190621,1,0,815.2328178694157,32592
504,20190622,0,0,947.0767646102137,27669,20190622,0,0,947.0767646102137,27669
505,20190623,0,0,943.101323789733,25986,20190623,0,0,943.101323789733,25986
506,20190624,1,1,968.1308655675333,25232,20190624,1,1,968.1308655675333,25232
507,20190625,1,0,729.7847501435956,20892,20190625,1,0,729.7847501435956,20892
508,20190626,1,0,809.030923566879,31400,20190626,1,0,809.030923566879,31400
509,20190627,1,0,819.5549551120021,34419,20190627,1,0,819.5549551120021,34419
510,20190628,1,0,816.6962704177008,32631,20190628,1,0,816.6962704177008,32631
511,20190629,0,0,900.8661998565823,23707,20190629,0,0,900.8661998565823,23707
512,20190630,0,0,950.8191320231372,29563,20190630,0,0,950.8191320231372,29563
513,20190701,1,1,976.8182903282428,28485,20190701,1,1,976.8182903282428,28485
514,20190702,1,0,841.2107162687396,36020,20190702,1,0,841.2107162687396,36020
515,20190703,1,0,833.5629958829784,36677,20190703,1,0,833.5629958829784,36677
516,20190704,1,0,826.4117500208039,36051,20190704,1,0,826.4117500208039,36051
517,20190705,1,0,838.1939928441403,31862,20190705,1,0,838.1939928441403,31862
518,20190706,0,0,934.529567315638,30253,20190706,0,0,934.529567315638,30253
519,20190707,0,0,931.9877627212387,28928,20190707,0,0,931.9877627212387,28928
520,20190708,1,0,821.0610684679152,32570,20190708,1,0,821.0610684679152,32570
521,20190709,1,0,813.044560417503,34874,20190709,1,0,813.044560417503,34874
522,20190710,1,0,819.8201323772753,36260,20190710,1,0,819.8201323772753,36260
523,20190711,1,0,724.556067508801,19316,20190711,1,0,724.556067508801,19316
524,20190712,1,0,796.020038687058,33086,20190712,1,0,796.020038687058,33086
525,20190713,0,0,902.6838137152341,27721,20190713,0,0,902.6838137152341,27721
526,20190714,0,0,886.8208090175074,25018,20190714,0,0,886.8208090175074,25018
527,20190715,1,0,813.4640186034819,31822,20190715,1,0,813.4640186034819,31822
528,20190716,1,0,805.1294349136076,32526,20190716,1,0,805.1294349136076,32526
529,20190717,1,0,807.4265501933265,34915,20190717,1,0,807.4265501933265,34915
530,20190718,1,0,821.678766631701,36226,20190718,1,0,821.678766631701,36226
531,20190719,1,0,794.218469107768,31707,20190719,1,0,794.218469107768,31707
532,20190720,0,0,867.9437887728855,26436,20190720,0,0,867.9437887728855,26436
533,20190721,0,0,858.8894884173799,24649,20190721,0,0,858.8894884173799,24649
534,20190722,1,0,801.3549931600547,30702,20190722,1,0,801.3549931600547,30702
535,20190723,1,0,798.8363159797542,33192,20190723,1,0,798.8363159797542,33192
536,20190724,1,0,822.2907663740716,35544,20190724,1,0,822.2907663740716,35544
537,20190725,1,0,807.0111493232748,36056,20190725,1,0,807.0111493232748,36056
538,20190726,1,0,805.4978173463527,34820,20190726,1,0,805.4978173463527,34820
539,20190727,0,0,923.627760661586,30835,20190727,0,0,923.627760661586,30835
540,20190728,0,0,917.5281866922862,32267,20190728,0,0,917.5281866922862,32267
541,20190729,1,0,801.5659653983697,31039,20190729,1,0,801.5659653983697,31039
542,20190730,1,0,765.5753934285902,30374,20190730,1,0,765.5753934285902,30374
543,20190731,1,0,795.0468537666175,33850,20190731,1,0,795.0468537666175,33850
544,20190801,1,0,809.2318262286791,35587,20190801,1,0,809.2318262286791,35587
545,20190802,1,0,833.7732345198581,34948,20190802,1,0,833.7732345198581,34948
546,20190803,0,0,913.0816093880973,29825,20190803,0,0,913.0816093880973,29825
547,20190804,0,0,942.8257700770076,29088,20190804,0,0,942.8257700770076,29088
548,20190805,1,0,829.7562694490207,32778,20190805,1,0,829.7562694490207,32778
549,20190806,1,0,792.3987245209324,32772,20190806,1,0,792.3987245209324,32772
550,20190807,1,0,759.5674815865002,28919,20190807,1,0,759.5674815865002,28919
551,20190808,1,0,797.6298773326372,30652,20190808,1,0,797.6298773326372,30652
552,20190809,1,0,778.6810776310926,29769,20190809,1,0,778.6810776310926,29769
553,20190810,0,0,861.5748419721872,23730,20190810,0,0,861.5748419721872,23730
554,20190811,0,0,901.7139578630548,26580,20190811,0,0,901.7139578630548,26580
555,20190812,1,0,769.6957927541878,25670,20190812,1,0,769.6957927541878,25670
556,20190813,1,0,805.9490507015207,32287,20190813,1,0,805.9490507015207,32287
557,20190814,1,0,799.4455054129668,32884,20190814,1,0,799.4455054129668,32884
558,20190815,1,0,815.7094986730439,34289,20190815,1,0,815.7094986730439,34289
559,20190816,1,0,818.9598305492128,33284,20190816,1,0,818.9598305492128,33284
560,20190817,0,0,875.4827062530848,26339,20190817,0,0,875.4827062530848,26339
561,20190818,0,0,882.8111642504857,26764,20190818,0,0,882.8111642504857,26764
562,20190819,1,0,789.1152278621713,29689,20190819,1,0,789.1152278621713,29689
563,20190820,1,0,811.2083835858215,33995,20190820,1,0,811.2083835858215,33995
564,20190821,1,0,763.6082707289928,28752,20190821,1,0,763.6082707289928,28752
565,20190822,1,0,802.2488342898134,33456,20190822,1,0,802.2488342898134,33456
566,20190823,1,0,800.6264625073317,32393,20190823,1,0,800.6264625073317,32393
567,20190824,0,0,879.26056594166,27494,20190824,0,0,879.26056594166,27494
568,20190825,0,0,931.457827742089,33624,20190825,0,0,931.457827742089,33624
569,20190826,1,0,816.6957318421636,31653,20190826,1,0,816.6957318421636,31653
570,20190827,1,0,806.7695435114048,33451,20190827,1,0,806.7695435114048,33451
571,20190828,1,0,679.1985714285714,16800,20190828,1,0,679.1985714285714,16800
572,20190829,1,0,796.6471521830271,33394,20190829,1,0,796.6471521830271,33394
573,20190830,1,0,794.4275457149931,28273,20190830,1,0,794.4275457149931,28273
574,20190831,0,0,880.1628865979383,25705,20190831,0,0,880.1628865979383,25705
575,20190901,0,0,929.7576307041403,26472,20190901,0,0,929.7576307041403,26472
576,20190902,1,1,766.2489157372986,12912,20190902,1,1,766.2489157372986,12912
577,20190903,1,0,770.4374899951978,31235,20190903,1,0,770.4374899951978,31235
578,20190904,1,0,725.8406642554351,25713,20190904,1,0,725.8406642554351,25713
579,20190905,1,0,768.475539938812,33013,20190905,1,0,768.475539938812,33013
580,20190906,1,0,762.3048066019908,31748,20190906,1,0,762.3048066019908,31748
581,20190907,0,0,770.1346370604148,17744,20190907,0,0,770.1346370604148,17744
582,20190908,0,0,787.5074552436045,20053,20190908,0,0,787.5074552436045,20053
583,20190909,1,0,747.5956158368158,28238,20190909,1,0,747.5956158368158,28238
584,20190910,1,0,710.126096033403,23950,20190910,1,0,710.126096033403,23950
585,20190911,1,0,728.6282839773899,28129,20190911,1,0,728.6282839773899,28129
586,20190912,1,0,750.6720621768313,31137,20190912,1,0,750.6720621768313,31137
587,20190913,1,0,765.1382643957828,30825,20190913,1,0,765.1382643957828,30825
588,20190914,0,0,796.6470285205826,21353,20190914,0,0,796.6470285205826,21353
589,20190915,0,0,813.0270463651974,20964,20190915,0,0,813.0270463651974,20964
590,20190916,1,0,755.2444295349412,28319,20190916,1,0,755.2444295349412,28319
591,20190917,1,0,754.5830527497194,30294,20190917,1,0,754.5830527497194,30294
592,20190918,1,0,740.48940397351,30200,20190918,1,0,740.48940397351,30200
593,20190919,1,0,751.1531607154387,30974,20190919,1,0,751.1531607154387,30974
594,20190920,1,0,765.7730352732568,31582,20190920,1,0,765.7730352732568,31582
595,20190921,0,0,877.0516184229289,28052,20190921,0,0,877.0516184229289,28052
596,20190922,0,0,826.6880140752145,22735,20190922,0,0,826.6880140752145,22735
597,20190923,1,0,668.1758596566755,18583,20190923,1,0,668.1758596566755,18583
598,20190924,1,0,690.0226878025347,27063,20190924,1,0,690.0226878025347,27063
599,20190925,1,0,728.7420177461049,28626,20190925,1,0,728.7420177461049,28626
600,20190926,1,0,683.9871901977165,21546,20190926,1,0,683.9871901977165,21546
601,20190927,1,0,855.0718274600424,36351,20190927,1,0,855.0718274600424,36351
602,20190928,0,0,696.9957200780898,13318,20190928,0,0,696.9957200780898,13318
603,20190929,0,0,854.7437881206763,24429,20190929,0,0,854.7437881206763,24429
604,20190930,1,0,688.8993169116126,24155,20190930,1,0,688.8993169116126,24155
605,20191001,1,0,634.0007865345289,12714,20191001,1,0,634.0007865345289,12714
606,20191002,1,0,672.9625141515368,23849,20191002,1,0,672.9625141515368,23849
607,20191003,1,0,661.423153874136,21992,20191003,1,0,661.423153874136,21992
608,20191004,1,0,680.6187482537023,21474,20191004,1,0,680.6187482537023,21474
609,20191005,0,0,755.4299715099717,17550,20191005,0,0,755.4299715099717,17550
610,20191006,0,0,676.9125851559699,13945,20191006,0,0,676.9125851559699,13945
611,20191007,1,0,653.8670050140637,16354,20191007,1,0,653.8670050140637,16354
612,20191008,1,0,711.8089474308771,25281,20191008,1,0,711.8089474308771,25281
613,20191009,1,0,694.5879413724184,24016,20191009,1,0,694.5879413724184,24016
614,20191010,1,0,702.523366743147,24843,20191010,1,0,702.523366743147,24843
615,20191011,1,0,723.7664335092239,24447,20191011,1,0,723.7664335092239,24447
616,20191012,0,0,789.6646315140302,16215,20191012,0,0,789.6646315140302,16215
617,20191013,0,0,822.2664537541485,15969,20191013,0,0,822.2664537541485,15969
618,20191014,1,1,708.5621494187465,12301,20191014,1,1,708.5621494187465,12301
619,20191015,1,0,683.920828857859,22344,20191015,1,0,683.920828857859,22344
620,20191016,1,0,675.9452605459057,20150,20191016,1,0,675.9452605459057,20150
621,20191017,1,0,535.3055391287206,5073,20191017,1,0,535.3055391287206,5073
622,20191018,1,0,656.3962775663418,19181,20191018,1,0,656.3962775663418,19181
623,20191019,0,0,747.5382720610875,16239,20191019,0,0,747.5382720610875,16239
624,20191020,0,0,730.3681719137427,13309,20191020,0,0,730.3681719137427,13309
625,20191021,1,0,692.6391834446678,21407,20191021,1,0,692.6391834446678,21407
626,20191022,1,0,665.1210316278516,16789,20191022,1,0,665.1210316278516,16789
627,20191023,1,0,697.434942991281,20874,20191023,1,0,697.434942991281,20874
628,20191024,1,0,661.8555493015402,19543,20191024,1,0,661.8555493015402,19543
629,20191025,1,0,661.7001693395756,20078,20191025,1,0,661.7001693395756,20078
630,20191026,0,0,761.7968085761813,16231,20191026,0,0,761.7968085761813,16231
631,20191027,0,0,605.6944794555079,3967,20191027,0,0,605.6944794555079,3967
632,20191028,1,0,678.8905578168892,17443,20191028,1,0,678.8905578168892,17443
633,20191029,1,0,707.829809573808,20953,20191029,1,0,707.829809573808,20953
634,20191030,1,0,669.1154959475106,20728,20191030,1,0,669.1154959475106,20728
635,20191031,1,0,626.2507625272332,9180,20191031,1,0,626.2507625272332,9180
636,20200415,1,0,895.824427480916,2227,20200415,1,0,895.824427480916,2227
637,20200416,1,0,830.7617890131261,2057,20200416,1,0,830.7617890131261,2057
638,20200417,1,0,894.339430894309,2460,20200417,1,0,894.339430894309,2460
639,20200418,0,0,1150.6515828677839,5370,20200418,0,0,1150.6515828677839,5370
640,20200419,0,0,1053.064803804994,1682,20200419,0,0,1053.064803804994,1682
641,20200420,1,0,996.446321809202,3847,20200420,1,0,996.446321809202,3847
642,20200421,1,0,774.3735211267606,1775,20200421,1,0,774.3735211267606,1775
643,20200422,1,0,714.2673611111112,1728,20200422,1,0,714.2673611111112,1728
644,20200423,1,0,944.3207077688693,3617,20200423,1,0,944.3207077688693,3617
645,20200424,1,0,974.7000928505107,4308,20200424,1,0,974.7000928505107,4308
646,20200425,0,0,1225.3748593292821,8886,20200425,0,0,1225.3748593292821,8886
647,20200426,0,0,1173.5188165066181,3853,20200426,0,0,1173.5188165066181,3853
648,20200427,1,0,880.0138398914519,3685,20200427,1,0,880.0138398914519,3685
649,20200428,1,0,1053.0104236718223,5948,20200428,1,0,1053.0104236718223,5948
650,20200429,1,0,1079.660581859669,7012,20200429,1,0,1079.660581859669,7012
651,20200430,1,0,796.8759461732549,2378,20200430,1,0,796.8759461732549,2378
652,20200501,1,0,948.4029708626928,5251,20200501,1,0,948.4029708626928,5251
653,20200502,0,0,1253.4374682441749,13777,20200502,0,0,1253.4374682441749,13777
654,20200503,0,0,1221.1556497879774,8018,20200503,0,0,1221.1556497879774,8018
655,20200504,1,0,904.7460351944384,4603,20200504,1,0,904.7460351944384,4603
656,20200505,1,0,952.3578108763423,5774,20200505,1,0,952.3578108763423,5774
657,20200506,1,0,1036.982536270822,7444,20200506,1,0,1036.982536270822,7444
658,20200507,1,0,952.890004564126,6573,20200507,1,0,952.890004564126,6573
659,20200508,1,0,860.6837136113296,5084,20200508,1,0,860.6837136113296,5084
660,20200509,0,0,902.1386760950696,5091,20200509,0,0,902.1386760950696,5091
661,20200510,0,0,1040.0937976060936,4595,20200510,0,0,1040.0937976060936,4595
662,20200511,1,0,887.3711064399007,5233,20200511,1,0,887.3711064399007,5233
663,20200512,1,0,943.582498844554,6491,20200512,1,0,943.582498844554,6491
664,20200513,1,0,1045.047619047619,8610,20200513,1,0,1045.047619047619,8610
665,20200514,1,0,1067.4209564422783,9849,20200514,1,0,1067.4209564422783,9849
666,20200515,1,0,832.4255535759735,3929,20200515,1,0,832.4255535759735,3929
667,20200516,0,0,1158.1200030170462,13258,20200516,0,0,1158.1200030170462,13258
668,20200517,0,0,1268.9615477776433,16514,20200517,0,0,1268.9615477776433,16514
669,20200518,1,1,1182.410365513393,14336,20200518,1,1,1182.410365513393,14336
670,20200519,1,0,1047.4585110507946,10316,20200519,1,0,1047.4585110507946,10316
671,20200520,1,0,1082.962777435265,12976,20200520,1,0,1082.962777435265,12976
672,20200521,1,0,1051.6145668400814,13263,20200521,1,0,1051.6145668400814,13263
673,20200522,1,0,1070.071735015773,15850,20200522,1,0,1070.071735015773,15850
674,20200523,0,0,1148.6940700090574,18769,20200523,0,0,1148.6940700090574,18769
675,20200524,0,0,1199.0086501118042,16994,20200524,0,0,1199.0086501118042,16994
676,20200525,1,0,984.4310937645199,10761,20200525,1,0,984.4310937645199,10761
677,20200526,1,0,1019.1103873114778,14123,20200526,1,0,1019.1103873114778,14123
678,20200527,1,0,996.318698697191,13279,20200527,1,0,996.318698697191,13279
679,20200528,1,0,977.9334940883633,12856,20200528,1,0,977.9334940883633,12856
680,20200529,1,0,940.6933217692977,11530,20200529,1,0,940.6933217692977,11530
681,20200530,0,0,1073.9564548194703,15593,20200530,0,0,1073.9564548194703,15593
682,20200531,0,0,1035.8274536030763,11962,20200531,0,0,1035.8274536030763,11962
683,20200601,1,0,927.4765495065973,9019,20200601,1,0,927.4765495065973,9019
684,20200602,1,0,943.1210098665119,10338,20200602,1,0,943.1210098665119,10338
685,20200603,1,0,956.3097899402584,10378,20200603,1,0,956.3097899402584,10378
686,20200604,1,0,1035.7366818873668,17082,20200604,1,0,1035.7366818873668,17082
687,20200605,1,0,1013.7760455192033,17575,20200605,1,0,1013.7760455192033,17575
688,20200606,0,0,1039.9116979173423,15413,20200606,0,0,1039.9116979173423,15413
689,20200607,0,0,1181.8667707012582,20506,20200607,0,0,1181.8667707012582,20506
690,20200608,1,0,993.4094965370273,15016,20200608,1,0,993.4094965370273,15016
691,20200609,1,0,972.1353912986244,15193,20200609,1,0,972.1353912986244,15193
692,20200610,1,0,927.973148961077,13668,20200610,1,0,927.973148961077,13668
693,20200611,1,0,944.8102235972436,14222,20200611,1,0,944.8102235972436,14222
694,20200612,1,0,941.7333619579217,16303,20200612,1,0,941.7333619579217,16303
695,20200613,0,0,996.9511960406927,14548,20200613,0,0,996.9511960406927,14548
696,20200614,0,0,1108.1498067010311,18624,20200614,0,0,1108.1498067010311,18624
697,20200615,1,0,954.1360051298492,15595,20200615,1,0,954.1360051298492,15595
698,20200616,1,0,960.9778561517114,17296,20200616,1,0,960.9778561517114,17296
699,20200617,1,0,962.0290508940852,18175,20200617,1,0,962.0290508940852,18175
700,20200618,1,0,930.6694242223692,18132,20200618,1,0,930.6694242223692,18132
701,20200619,1,0,934.3259036144577,18260,20200619,1,0,934.3259036144577,18260
702,20200620,0,0,1018.0273848771667,18806,20200620,0,0,1018.0273848771667,18806
703,20200621,0,0,1004.3274692133704,15916,20200621,0,0,1004.3274692133704,15916
704,20200622,1,0,898.581051407905,15484,20200622,1,0,898.581051407905,15484
705,20200623,1,0,856.3393407798261,14593,20200623,1,0,856.3393407798261,14593
706,20200624,1,1,1028.8374706474335,17886,20200624,1,1,1028.8374706474335,17886
707,20200625,1,0,905.29367074146,17506,20200625,1,0,905.29367074146,17506
708,20200626,1,0,903.850053475936,18700,20200626,1,0,903.850053475936,18700
709,20200627,0,0,948.9045684681503,16986,20200627,0,0,948.9045684681503,16986
710,20200628,0,0,939.0985700402609,14406,20200628,0,0,939.0985700402609,14406
711,20200629,1,0,857.492563992564,13986,20200629,1,0,857.492563992564,13986
712,20200630,1,0,876.4743737735196,17326,20200630,1,0,876.4743737735196,17326
713,20200701,1,1,1012.5382059800663,21070,20200701,1,1,1012.5382059800663,21070
714,20200702,1,0,861.5230278422273,17240,20200702,1,0,861.5230278422273,17240
715,20200703,1,0,927.3578101553802,20659,20200703,1,0,927.3578101553802,20659
716,20200704,0,0,974.2360815477035,21141,20200704,0,0,974.2360815477035,21141
717,20200705,0,0,977.686376036969,17961,20200705,0,0,977.686376036969,17961
718,20200706,1,0,894.0641632653061,18375,20200706,1,0,894.0641632653061,18375
719,20200707,1,0,891.9712732505462,18763,20200707,1,0,891.9712732505462,18763
720,20200708,1,0,862.9984105358765,17616,20200708,1,0,862.9984105358765,17616
721,20200709,1,0,862.7341167829599,19061,20200709,1,0,862.7341167829599,19061
722,20200710,1,0,860.6596331764323,18483,20200710,1,0,860.6596331764323,18483
723,20200711,0,0,888.7893853896599,13114,20200711,0,0,888.7893853896599,13114
724,20200712,0,0,954.6180547328515,16882,20200712,0,0,954.6180547328515,16882
725,20200713,1,0,892.0656806354424,18255,20200713,1,0,892.0656806354424,18255
726,20200714,1,0,882.563159512345,19522,20200714,1,0,882.563159512345,19522
727,20200715,1,0,901.416313036613,20266,20200715,1,0,901.416313036613,20266
728,20200716,1,0,851.8038815712787,17158,20200716,1,0,851.8038815712787,17158
729,20200717,1,0,888.597588048239,16667,20200717,1,0,888.597588048239,16667
730,20200718,0,0,986.2972439047894,20754,20200718,0,0,986.2972439047894,20754
731,20200719,0,0,940.1430231807324,15487,20200719,0,0,940.1430231807324,15487
732,20200720,1,0,864.1478345443103,17479,20200720,1,0,864.1478345443103,17479
733,20200721,1,0,900.3829241296036,19876,20200721,1,0,900.3829241296036,19876
734,20200722,1,0,856.4317500832317,18022,20200722,1,0,856.4317500832317,18022
735,20200723,1,0,874.2544559923683,19917,20200723,1,0,874.2544559923683,19917
736,20200724,1,0,885.6927019075638,21074,20200724,1,0,885.6927019075638,21074
737,20200725,0,0,978.3649529326576,20715,20200725,0,0,978.3649529326576,20715
738,20200726,0,0,942.8276963180188,15345,20200726,0,0,942.8276963180188,15345
739,20200727,1,0,824.7107405667763,12774,20200727,1,0,824.7107405667763,12774
740,20200728,1,0,885.1317930688098,19910,20200728,1,0,885.1317930688098,19910
741,20200729,1,0,836.9706176544136,15996,20200729,1,0,836.9706176544136,15996
742,20200730,1,0,853.6382146493062,18663,20200730,1,0,853.6382146493062,18663
743,20200731,1,0,873.3932205176868,18969,20200731,1,0,873.3932205176868,18969
744,20200801,0,0,990.6469999089502,21966,20200801,0,0,990.6469999089502,21966
745,20200802,0,0,865.2689655172412,10005,20200802,0,0,865.2689655172412,10005
746,20200803,1,0,873.7505846585594,17104,20200803,1,0,873.7505846585594,17104
747,20200804,1,0,716.7801878736122,5855,20200804,1,0,716.7801878736122,5855
748,20200805,1,0,847.0356188262638,17210,20200805,1,0,847.0356188262638,17210
749,20200806,1,0,902.9116425120772,20700,20200806,1,0,902.9116425120772,20700
750,20200807,1,0,888.6168881559802,20618,20200807,1,0,888.6168881559802,20618
751,20200808,0,0,995.7249365780324,21286,20200808,0,0,995.7249365780324,21286
752,20200809,0,0,915.0906371115796,14707,20200809,0,0,915.0906371115796,14707
753,20200810,1,0,865.9785918450681,17143,20200810,1,0,865.9785918450681,17143
754,20200811,1,0,830.8255681096864,15754,20200811,1,0,830.8255681096864,15754
755,20200812,1,0,870.5330308620433,20057,20200812,1,0,870.5330308620433,20057
756,20200813,1,0,871.2716714022232,20061,20200813,1,0,871.2716714022232,20061
757,20200814,1,0,875.5035218062525,20728,20200814,1,0,875.5035218062525,20728
758,20200815,0,0,974.900544959128,21286,20200815,0,0,974.900544959128,21286
759,20200816,0,0,958.3723924123798,19031,20200816,0,0,958.3723924123798,19031
760,20200817,1,0,845.1040668218541,14606,20200817,1,0,845.1040668218541,14606
761,20200818,1,0,838.2433835562327,17721,20200818,1,0,838.2433835562327,17721
762,20200819,1,0,869.9015819975982,19153,20200819,1,0,869.9015819975982,19153
763,20200820,1,0,844.8069318446152,17196,20200820,1,0,844.8069318446152,17196
764,20200821,1,0,837.3467663937068,15509,20200821,1,0,837.3467663937068,15509
765,20200822,0,0,985.7141873910249,21794,20200822,0,0,985.7141873910249,21794
766,20200823,0,0,905.1782452077704,15546,20200823,0,0,905.1782452077704,15546
767,20200824,1,0,823.5616257781032,13655,20200824,1,0,823.5616257781032,13655
768,20200825,1,0,832.86585572843,17675,20200825,1,0,832.86585572843,17675
769,20200826,1,0,850.3969528178244,18312,20200826,1,0,850.3969528178244,18312
770,20200827,1,0,834.0372173718379,17868,20200827,1,0,834.0372173718379,17868
771,20200828,1,0,875.8868215511667,20101,20200828,1,0,875.8868215511667,20101
772,20200829,0,0,772.7757433226944,5953,20200829,0,0,772.7757433226944,5953
773,20200830,0,0,930.6448107226953,16563,20200830,0,0,930.6448107226953,16563
774,20200831,1,0,847.018549747049,17790,20200831,1,0,847.018549747049,17790
775,20200901,1,0,816.9352539530428,16696,20200901,1,0,816.9352539530428,16696
776,20200902,1,0,765.3055391868003,13576,20200902,1,0,765.3055391868003,13576
777,20200903,1,0,868.1346544463712,20185,20200903,1,0,868.1346544463712,20185
778,20200904,1,0,844.2219781397342,18664,20200904,1,0,844.2219781397342,18664
779,20200905,0,0,943.8530417322407,18427,20200905,0,0,943.8530417322407,18427
780,20200906,0,0,986.847807255008,18470,20200906,0,0,986.847807255008,18470
781,20200907,1,1,868.4199701151447,11377,20200907,1,1,868.4199701151447,11377
782,20200908,1,0,791.8856567013772,14885,20200908,1,0,791.8856567013772,14885
783,20200909,1,0,781.9772380467955,15728,20200909,1,0,781.9772380467955,15728
784,20200910,1,0,760.0069015097052,13910,20200910,1,0,760.0069015097052,13910
785,20200911,1,0,839.0151715388275,18917,20200911,1,0,839.0151715388275,18917
786,20200912,0,0,956.3919198895027,20272,20200912,0,0,956.3919198895027,20272
787,20200913,0,0,776.6872149094228,7673,20200913,0,0,776.6872149094228,7673
788,20200914,1,0,780.8926684280052,15140,20200914,1,0,780.8926684280052,15140
789,20200915,1,0,771.625780316111,15058,20200915,1,0,771.625780316111,15058
790,20200916,1,0,828.5459220348355,18085,20200916,1,0,828.5459220348355,18085
791,20200917,1,0,791.8208071310825,16379,20200917,1,0,791.8208071310825,16379
792,20200918,1,0,785.891500341976,16083,20200918,1,0,785.891500341976,16083
793,20200919,0,0,872.6302559118884,15435,20200919,0,0,872.6302559118884,15435
794,20200920,0,0,879.0675080716172,13628,20200920,0,0,879.0675080716172,13628
795,20200921,1,0,780.065907124315,13868,20200921,1,0,780.065907124315,13868
796,20200922,1,0,776.6232446774089,15453,20200922,1,0,776.6232446774089,15453
797,20200923,1,0,800.5092536591268,16534,20200923,1,0,800.5092536591268,16534
798,20200924,1,0,793.5436764983334,15901,20200924,1,0,793.5436764983334,15901
799,20200925,1,0,791.4701654377594,16139,20200925,1,0,791.4701654377594,16139
800,20200926,0,0,965.7563428454744,19589,20200926,0,0,965.7563428454744,19589
801,20200927,0,0,947.8963155981095,16502,20200927,0,0,947.8963155981095,16502
802,20200928,1,0,773.4670872765511,14265,20200928,1,0,773.4670872765511,14265
803,20200929,1,0,708.0350856467809,8465,20200929,1,0,708.0350856467809,8465
804,20200930,1,0,743.4029511918276,12334,20200930,1,0,743.4029511918276,12334
805,20201001,1,0,775.5254850088184,11340,20201001,1,0,775.5254850088184,11340
806,20201002,1,0,737.639746807814,9163,20201002,1,0,737.639746807814,9163
807,20201003,0,0,876.1204382438717,12687,20201003,0,0,876.1204382438717,12687
808,20201004,0,0,918.5010250102499,12195,20201004,0,0,918.5010250102499,12195
809,20201005,1,0,782.7759909596663,11504,20201005,1,0,782.7759909596663,11504
810,20201006,1,0,796.8419616404179,12826,20201006,1,0,796.8419616404179,12826
811,20201007,1,0,715.0760320394331,8115,20201007,1,0,715.0760320394331,8115
812,20201008,1,0,760.1884975233902,10902,20201008,1,0,760.1884975233902,10902
813,20201009,1,0,777.8868782395198,10997,20201009,1,0,777.8868782395198,10997
814,20201010,0,0,902.508657037768,11147,20201010,0,0,902.508657037768,11147
815,20201011,0,0,931.2067883628066,10518,20201011,0,0,931.2067883628066,10518
816,20201012,1,1,960.4536034785826,10809,20201012,1,1,960.4536034785826,10809
817,20201013,1,0,708.619606841971,3917,20201013,1,0,708.619606841971,3917
818,20201014,1,0,795.5966401899024,10953,20201014,1,0,795.5966401899024,10953
819,20201015,1,0,803.6095954844777,11693,20201015,1,0,803.6095954844777,11693
820,20201016,1,0,723.1870640456563,6308,20201016,1,0,723.1870640456563,6308
821,20201017,0,0,930.1760679903732,13296,20201017,0,0,930.1760679903732,13296
822,20201018,0,0,905.8364026113222,10263,20201018,0,0,905.8364026113222,10263
823,20201019,1,0,720.2620678135962,5987,20201019,1,0,720.2620678135962,5987
824,20201020,1,0,726.4327452364149,7085,20201020,1,0,726.4327452364149,7085
825,20201021,1,0,700.4177649395198,5539,20201021,1,0,700.4177649395198,5539
826,20201022,1,0,776.8334485141672,10129,20201022,1,0,776.8334485141672,10129
827,20201023,1,0,900.6375086505191,14450,20201023,1,0,900.6375086505191,14450
828,20201024,0,0,906.1268765133173,12390,20201024,0,0,906.1268765133173,12390
829,20201025,0,0,844.4614287412338,8413,20201025,0,0,844.4614287412338,8413
830,20201026,1,0,675.388508170796,3794,20201026,1,0,675.388508170796,3794
831,20201027,1,0,736.5309605715797,7558,20201027,1,0,736.5309605715797,7558
832,20201028,1,0,715.8734469066223,7807,20201028,1,0,715.8734469066223,7807
833,20201029,1,0,726.893912211458,8361,20201029,1,0,726.893912211458,8361
834,20201030,1,0,713.3605899857678,7729,20201030,1,0,713.3605899857678,7729
835,20201031,0,0,820.2425772328406,8319,20201031,0,0,820.2425772328406,8319
836,20201101,0,0,745.4640835872877,4594,20201101,0,0,745.4640835872877,4594
837,20201102,1,0,672.9705825053575,5133,20201102,1,0,672.9705825053575,5133
838,20201103,1,0,684.2651654411766,4352,20201103,1,0,684.2651654411766,4352
839,20201104,1,0,723.7574037133652,6517,20201104,1,0,723.7574037133652,6517
840,20201105,1,0,848.5926437759116,9407,20201105,1,0,848.5926437759116,9407
841,20201106,1,0,799.996699669967,10605,20201106,1,0,799.996699669967,10605
842,20201107,0,0,995.602329204065,13481,20201107,0,0,995.602329204065,13481
843,20201108,0,0,1013.6330318153464,12824,20201108,0,0,1013.6330318153464,12824
844,20201109,1,0,858.442902775005,10018,20201109,1,0,858.442902775005,10018
845,20201110,1,0,883.1071926515212,12193,20201110,1,0,883.1071926515212,12193
846,20201111,1,0,769.9087742216417,9186,20201111,1,0,769.9087742216417,9186
847,20201112,1,0,752.7617591721543,8504,20201112,1,0,752.7617591721543,8504
848,20201113,1,0,720.3305131761442,7210,20201113,1,0,720.3305131761442,7210
849,20201114,0,0,796.7855962544752,7262,20201114,0,0,796.7855962544752,7262
850,20201115,0,0,699.5216839969568,3943,20201115,0,0,699.5216839969568,3943
851,20201116,1,0,628.571906354515,299,20201116,1,0,628.571906354515,299
